init,time,explained_variance_score,r2_score,mean_squared_error,mean_absolute_error
sgd_regressor,0.021405,0.501584,0.501579,4.081728,1.563380
elasticnet,0.010660,0.186152,0.184462,6.678706,2.235132
omp,0.042734,0.400580,0.398501,4.925866,1.826213
init,time,explained_variance_score,r2_score,mean_squared_error,mean_absolute_error
sgd_regressor,0.015350,0.501584,0.501579,4.081728,1.563380
elasticnet,0.019794,0.186152,0.184462,6.678706,2.235132
omp,0.026341,0.400580,0.398501,4.925866,1.826213
