version,time,accuracy,precision,recall,fscore
c6d92aa16035105246f6c4a51d119706fd337d69,0.035538,0.851852,0.855789,0.851852,0.852395
c6d92aa16035105246f6c4a51d119706fd337d69,0.137059,0.851852,0.855789,0.851852,0.852395
c6d92aa16035105246f6c4a51d119706fd337d69,0.148977,0.851852,0.855789,0.851852,0.852395
c6d92aa16035105246f6c4a51d119706fd337d69,0.087744,0.851852,0.855789,0.851852,0.852395
