version,time,accuracy,precision,recall,fscore
c6d92aa16035105246f6c4a51d119706fd337d69,0.358772,0.969697,0.971286,0.969697,0.969738
c6d92aa16035105246f6c4a51d119706fd337d69,0.291314,0.969697,0.971286,0.969697,0.969738
c6d92aa16035105246f6c4a51d119706fd337d69,0.251038,0.969697,0.971286,0.969697,0.969738
c6d92aa16035105246f6c4a51d119706fd337d69,0.686234,0.969697,0.971286,0.969697,0.969738
