version,time,accuracy,precision,recall,fscore
c6d92aa16035105246f6c4a51d119706fd337d69,0.165243,0.969697,0.971286,0.969697,0.969738
c6d92aa16035105246f6c4a51d119706fd337d69,0.153983,0.969697,0.971286,0.969697,0.969738
c6d92aa16035105246f6c4a51d119706fd337d69,0.152985,0.969697,0.971286,0.969697,0.969738
c6d92aa16035105246f6c4a51d119706fd337d69,0.163293,0.969697,0.971286,0.969697,0.969738
