version,time,accuracy,precision,recall,fscore
c6d92aa16035105246f6c4a51d119706fd337d69,1.557671,0.969697,0.971286,0.969697,0.969738
c6d92aa16035105246f6c4a51d119706fd337d69,0.876059,0.969697,0.971286,0.969697,0.969738
c6d92aa16035105246f6c4a51d119706fd337d69,1.431103,0.969697,0.971286,0.969697,0.969738
c6d92aa16035105246f6c4a51d119706fd337d69,1.720338,0.969697,0.971286,0.969697,0.969738
