version,time,accuracy,precision,recall,fscore
c6d92aa16035105246f6c4a51d119706fd337d69,0.433035,0.942761,0.945108,0.942761,0.942691
c6d92aa16035105246f6c4a51d119706fd337d69,0.413797,0.942761,0.945108,0.942761,0.942691
c6d92aa16035105246f6c4a51d119706fd337d69,0.411704,0.942761,0.945108,0.942761,0.942691
c6d92aa16035105246f6c4a51d119706fd337d69,0.401222,0.942761,0.945108,0.942761,0.942691
