version,time,accuracy,precision,recall,fscore
c6d92aa16035105246f6c4a51d119706fd337d69,1.081365,0.944444,0.962166,0.944444,0.948446
c6d92aa16035105246f6c4a51d119706fd337d69,1.100841,0.944444,0.962166,0.944444,0.948446
c6d92aa16035105246f6c4a51d119706fd337d69,1.074291,0.944444,0.962166,0.944444,0.948446
c6d92aa16035105246f6c4a51d119706fd337d69,0.943831,0.944444,0.962166,0.944444,0.948446
