init,time,explained_variance_score,r2_score,mean_squared_error,mean_absolute_error
sgd_regressor,0.029260,0.500162,0.500160,4.093351,1.571050
elasticnet,0.008114,0.186152,0.184462,6.678706,2.235132
omp,0.009137,0.400580,0.398501,4.925866,1.826213
