init,time,accuracy,precision,recall,fscore
knn-auto,0.214847,0.969697,0.971286,0.969697,0.969738
knn-ball_tree,0.150089,0.969697,0.971286,0.969697,0.969738
knn-brute,0.138793,0.969697,0.971286,0.969697,0.969738
knn-kd_tree,0.223363,0.969697,0.971286,0.969697,0.969738
