init,time,accuracy,precision,recall,fscore
knn-auto,0.134807,0.969697,0.971286,0.969697,0.969738
knn-ball_tree,0.099397,0.969697,0.971286,0.969697,0.969738
knn-brute,0.260083,0.969697,0.971286,0.969697,0.969738
knn-kd_tree,0.133825,0.969697,0.971286,0.969697,0.969738
