init,time,accuracy,precision,recall,fscore
bernoullinb,0.018128,0.856902,0.861528,0.856902,0.857778
gaussiannb,0.067670,0.794613,0.841574,0.794613,0.797305
