version,time,accuracy,precision,recall,fscore
c65c35cc073f14c9e1d2b09b2de2ad29ceb915cc,0.006018,0.851852,0.855789,0.851852,0.852395
c65c35cc073f14c9e1d2b09b2de2ad29ceb915cc,0.022800,0.851852,0.855789,0.851852,0.852395
c65c35cc073f14c9e1d2b09b2de2ad29ceb915cc,0.096028,0.851852,0.855789,0.851852,0.852395
c65c35cc073f14c9e1d2b09b2de2ad29ceb915cc,0.018172,0.851852,0.855789,0.851852,0.852395
c65c35cc073f14c9e1d2b09b2de2ad29ceb915cc,0.031513,0.851852,0.855789,0.851852,0.852395
c65c35cc073f14c9e1d2b09b2de2ad29ceb915cc,0.055264,0.851852,0.855789,0.851852,0.852395
c65c35cc073f14c9e1d2b09b2de2ad29ceb915cc,0.018081,0.851852,0.855789,0.851852,0.852395
c65c35cc073f14c9e1d2b09b2de2ad29ceb915cc,0.104434,0.851852,0.855789,0.851852,0.852395
