version,time,accuracy,precision,recall,fscore
c65c35cc073f14c9e1d2b09b2de2ad29ceb915cc,0.383159,0.942761,0.945108,0.942761,0.942691
c65c35cc073f14c9e1d2b09b2de2ad29ceb915cc,0.401234,0.942761,0.945108,0.942761,0.942691
c65c35cc073f14c9e1d2b09b2de2ad29ceb915cc,0.475280,0.942761,0.945108,0.942761,0.942691
c65c35cc073f14c9e1d2b09b2de2ad29ceb915cc,0.693893,0.942761,0.945108,0.942761,0.942691
c65c35cc073f14c9e1d2b09b2de2ad29ceb915cc,0.412950,0.942761,0.945108,0.942761,0.942691
c65c35cc073f14c9e1d2b09b2de2ad29ceb915cc,0.387327,0.942761,0.945108,0.942761,0.942691
c65c35cc073f14c9e1d2b09b2de2ad29ceb915cc,0.364716,0.942761,0.945108,0.942761,0.942691
c65c35cc073f14c9e1d2b09b2de2ad29ceb915cc,0.380772,0.942761,0.945108,0.942761,0.942691
