version,time,accuracy,precision,recall,fscore
c65c35cc073f14c9e1d2b09b2de2ad29ceb915cc,1.120113,0.944444,0.962166,0.944444,0.948446
c65c35cc073f14c9e1d2b09b2de2ad29ceb915cc,1.037379,0.944444,0.962166,0.944444,0.948446
c65c35cc073f14c9e1d2b09b2de2ad29ceb915cc,1.132174,0.944444,0.962166,0.944444,0.948446
c65c35cc073f14c9e1d2b09b2de2ad29ceb915cc,1.122469,0.944444,0.962166,0.944444,0.948446
c65c35cc073f14c9e1d2b09b2de2ad29ceb915cc,1.003597,0.944444,0.962166,0.944444,0.948446
c65c35cc073f14c9e1d2b09b2de2ad29ceb915cc,1.030523,0.944444,0.962166,0.944444,0.948446
c65c35cc073f14c9e1d2b09b2de2ad29ceb915cc,0.901180,0.944444,0.962166,0.944444,0.948446
c65c35cc073f14c9e1d2b09b2de2ad29ceb915cc,0.892066,0.944444,0.962166,0.944444,0.948446
