version,time,accuracy,precision,recall,fscore
c65c35cc073f14c9e1d2b09b2de2ad29ceb915cc,0.406004,0.974747,0.975153,0.974747,0.974804
c65c35cc073f14c9e1d2b09b2de2ad29ceb915cc,0.403927,0.974747,0.975153,0.974747,0.974804
c65c35cc073f14c9e1d2b09b2de2ad29ceb915cc,0.409629,0.974747,0.975153,0.974747,0.974804
c65c35cc073f14c9e1d2b09b2de2ad29ceb915cc,0.406653,0.974747,0.975153,0.974747,0.974804
c65c35cc073f14c9e1d2b09b2de2ad29ceb915cc,0.409055,0.974747,0.975153,0.974747,0.974804
c65c35cc073f14c9e1d2b09b2de2ad29ceb915cc,0.384943,0.974747,0.975153,0.974747,0.974804
c65c35cc073f14c9e1d2b09b2de2ad29ceb915cc,0.259051,0.974747,0.975153,0.974747,0.974804
c65c35cc073f14c9e1d2b09b2de2ad29ceb915cc,0.288090,0.974747,0.975153,0.974747,0.974804
