init,time,accuracy,precision,recall,fscore
svc,0.404945,0.974747,0.975153,0.974747,0.974804
rbf_svc,1.518566,0.077441,0.005997,0.077441,0.011132
nu_svc,1.426442,0.932660,0.935737,0.932660,0.932959
lin_svc,0.404152,0.942761,0.945108,0.942761,0.942691
lin_svc+cs,0.409862,0.942761,0.945108,0.942761,0.942691
svc-gridsearch,3.655201,0.973064,0.974624,0.973064,0.973176
gnb,0.007473,0.090909,0.008264,0.090909,0.015152
logreg,0.366921,0.951178,0.952191,0.951178,0.951065
sgd_classfier,0.039195,0.934343,0.936444,0.934343,0.934802
