init,time,accuracy,precision,recall,fscore
svc,0.297377,0.974747,0.975428,0.974747,0.974953
rbf_svc,1.629394,0.077441,0.005997,0.077441,0.011132
nu_svc,1.448758,0.932660,0.935737,0.932660,0.932959
lin_svc,0.371106,0.942761,0.945108,0.942761,0.942691
lin_svc+cs,0.332480,0.942761,0.945108,0.942761,0.942691
svc-gridsearch,3.334594,0.973064,0.973608,0.973064,0.973213
gnb,0.010025,0.090909,0.008264,0.090909,0.015152
