init,time,accuracy,precision,recall,fscore
svc,0.519528,0.974747,0.975428,0.974747,0.974953
rbf_svc,2.254967,0.077441,0.005997,0.077441,0.011132
nu_svc,1.477042,0.932660,0.935737,0.932660,0.932959
lin_svc,0.341336,0.942761,0.945108,0.942761,0.942691
gnb,0.008970,0.090909,0.008264,0.090909,0.015152
