init,time,accuracy,precision,recall,fscore
svc,0.338514,0.974747,0.975428,0.974747,0.974953
rbf_svc,1.864463,0.077441,0.005997,0.077441,0.011132
nu_svc,1.414491,0.932660,0.935737,0.932660,0.932959
lin_svc,0.335027,0.942761,0.945108,0.942761,0.942691
gnb,0.007371,0.090909,0.008264,0.090909,0.015152
