init,time,accuracy,precision,recall,fscore
svc,0.408837,0.974747,0.975153,0.974747,0.974804
rbf_svc,2.227685,0.077441,0.005997,0.077441,0.011132
nu_svc,1.588144,0.932660,0.935737,0.932660,0.932959
lin_svc,0.422776,0.942761,0.945108,0.942761,0.942691
lin_svc+cs,0.396489,0.942761,0.945108,0.942761,0.942691
svc-gridsearch,3.897398,0.973064,0.973443,0.973064,0.973153
gnb,0.007681,0.090909,0.008264,0.090909,0.015152
logreg,0.393797,0.951178,0.952191,0.951178,0.951065
sgd_classfier,0.020964,0.934343,0.936444,0.934343,0.934802
