init,time,accuracy,precision,recall,fscore
svc,0.396946,0.974747,0.975153,0.974747,0.974804
rbf_svc,1.983816,0.077441,0.005997,0.077441,0.011132
nu_svc,1.505114,0.932660,0.935737,0.932660,0.932959
lin_svc,0.408377,0.942761,0.945108,0.942761,0.942691
lin_svc+cs,0.412225,0.942761,0.945108,0.942761,0.942691
svc-gridsearch,3.829594,0.973064,0.974624,0.973064,0.973176
gnb,0.011368,0.090909,0.008264,0.090909,0.015152
logreg,0.384894,0.951178,0.952191,0.951178,0.951065
sgd_classfier,0.081524,0.934343,0.936444,0.934343,0.934802
